{"0":{"sourcePath":"F:\\H5Game\\fairy-swamp-attack\\client\\bin","outPath":"F:\\H5Game\\fairy-swamp-attack\\client\\release\\web","pngQualityLow":"65","pngQualityHigh":"80","jpgQuality":"85","mergeJs":false,"compressPng":false,"compressJpg":false,"compressJson":false,"jsontypes":"json,atlas,ls,lh,lmat,lav","compressJs":false,"enableVersion":false,"onlyIndexJS":false,"deleteOldVersionFile":false,"recompile":false,"excludeFiles":"","publishType":0,"projectType":"ts","copyOutFiles":"","copyOutPath":"","userCmd":""},"pf":0}