{
  "skins": {
    "eui.Button": "resource/eui_skins/ButtonSkin.exml",
    "eui.CheckBox": "resource/eui_skins/CheckBoxSkin.exml",
    "eui.HScrollBar": "resource/eui_skins/HScrollBarSkin.exml",
    "eui.HSlider": "resource/eui_skins/HSliderSkin.exml",
    "eui.Panel": "resource/eui_skins/PanelSkin.exml",
    "eui.ProgressBar": "resource/eui_skins/ProgressBarSkin.exml",
    "eui.RadioButton": "resource/eui_skins/RadioButtonSkin.exml",
    "eui.Scroller": "resource/eui_skins/ScrollerSkin.exml",
    "eui.ToggleSwitch": "resource/eui_skins/ToggleSwitchSkin.exml",
    "eui.VScrollBar": "resource/eui_skins/VScrollBarSkin.exml",
    "eui.VSlider": "resource/eui_skins/VSliderSkin.exml"
  },
  "exmls": [
    "resource/eui_skins/ButtonSkin.exml",
    "resource/eui_skins/CheckBoxSkin.exml",
    "resource/eui_skins/HScrollBarSkin.exml",
    "resource/eui_skins/HSliderSkin.exml",
    "resource/eui_skins/PanelSkin.exml",
    "resource/eui_skins/ProgressBarSkin.exml",
    "resource/eui_skins/RadioButtonSkin.exml",
    "resource/eui_skins/ScrollerSkin.exml",
    "resource/eui_skins/ToggleSwitchSkin.exml",
    "resource/eui_skins/VScrollBarSkin.exml",
    "resource/eui_skins/VSliderSkin.exml",
    "src/component/button/main/ActivityBtnSkin.exml",
    "src/component/button/main/BackpackBtnSkin.exml",
    "src/component/button/main/ChuangDangBtnSkin.exml",
    "src/component/button/main/CloseBtnSkin.exml",
    "src/component/button/main/InfoBtnSkin.exml",
    "src/component/button/main/KaiFuBtnSkin.exml",
    "src/component/button/main/MainBtnSkin.exml",
    "src/component/button/main/MapBtnSkin.exml",
    "src/component/button/main/QianghuaBtnSkin.exml",
    "src/component/button/main/RoleBtnSkin.exml",
    "src/component/button/main/ShopBtnSkin.exml",
    "src/component/button/main/ZhaoXianBtnSkin.exml",
    "src/core/view/main/ActivityBarSkin.exml",
    "src/core/view/main/FunctionBarSkin.exml",
    "src/core/view/main/RoleInfoSkin.exml",
    "src/core/view/main/MainUISkin.exml",
    "src/core/view/panel/ui/BackpackSkin.exml",
    "src/core/view/panel/ui/ChuangDangSkin.exml",
    "src/core/view/panel/ui/MapSkin.exml",
    "src/core/view/panel/ui/QianghuaSkin.exml",
    "src/core/view/panel/ui/RoleSkin.exml",
    "src/core/view/panel/ui/ShopSkin.exml",
    "src/core/view/panel/ui/ZhaoXianSkin.exml",
    "src/core/view/scene/HomeCitySkin.exml"
  ]
}