{
	"close":false,
	"projectType":"egret",
	"resourcePlugin":
	{
		"configs":[
		{
			"configPath":"resource/resource.json",
			"relativePath":"resource/"
		}],
		"id":"org.egret-labs.resource",
		"library":
		{
			"children":[
			{
				"isFolder":false,
				"key":"PreLoadingBarBg_png",
				"name":"PreLoadingBarBg_png"
			},
			{
				"isFolder":false,
				"key":"PreLoadingBar_png",
				"name":"PreLoadingBar_png"
			},
			{
				"isFolder":false,
				"key":"PreLoadingBg_png",
				"name":"PreLoadingBg_png"
			},
			{
				"isFolder":false,
				"key":"activityBtn_png",
				"name":"activityBtn_png"
			},
			{
				"isFolder":false,
				"key":"backpackBtn_png",
				"name":"backpackBtn_png"
			},
			{
				"isFolder":false,
				"key":"bgBarBg_png",
				"name":"bgBarBg_png"
			},
			{
				"isFolder":false,
				"key":"chuangDangBtn_png",
				"name":"chuangDangBtn_png"
			},
			{
				"isFolder":false,
				"key":"closeBtn_png",
				"name":"closeBtn_png"
			},
			{
				"isFolder":false,
				"key":"friendBtn_png",
				"name":"friendBtn_png"
			},
			{
				"isFolder":false,
				"key":"headBg_png",
				"name":"headBg_png"
			},
			{
				"isFolder":false,
				"key":"hengImg_png",
				"name":"hengImg_png"
			},
			{
				"isFolder":false,
				"key":"homeBg1_jpg",
				"name":"homeBg1_jpg"
			},
			{
				"isFolder":false,
				"key":"homeBg2_jpg",
				"name":"homeBg2_jpg"
			},
			{
				"isFolder":false,
				"key":"homeBg3_jpg",
				"name":"homeBg3_jpg"
			},
			{
				"isFolder":false,
				"key":"homeBg4_jpg",
				"name":"homeBg4_jpg"
			},
			{
				"isFolder":false,
				"key":"homeBg5_jpg",
				"name":"homeBg5_jpg"
			},
			{
				"isFolder":false,
				"key":"infoBtn_png",
				"name":"infoBtn_png"
			},
			{
				"isFolder":false,
				"key":"jinjieBtn_png",
				"name":"jinjieBtn_png"
			},
			{
				"isFolder":false,
				"key":"kaiFuBtn_png",
				"name":"kaiFuBtn_png"
			},
			{
				"isFolder":false,
				"key":"lianqiBtn_png",
				"name":"lianqiBtn_png"
			},
			{
				"isFolder":false,
				"key":"lunjianBtn_png",
				"name":"lunjianBtn_png"
			},
			{
				"isFolder":false,
				"key":"mainBtn_png",
				"name":"mainBtn_png"
			},
			{
				"isFolder":false,
				"key":"mapBtn_png",
				"name":"mapBtn_png"
			},
			{
				"isFolder":false,
				"key":"missionBtn_png",
				"name":"missionBtn_png"
			},
			{
				"isFolder":false,
				"key":"pgBar1_png",
				"name":"pgBar1_png"
			},
			{
				"isFolder":false,
				"key":"pgBar2_png",
				"name":"pgBar2_png"
			},
			{
				"isFolder":false,
				"key":"qianghuaBtn_png",
				"name":"qianghuaBtn_png"
			},
			{
				"isFolder":false,
				"key":"roleBtn_png",
				"name":"roleBtn_png"
			},
			{
				"isFolder":false,
				"key":"roleInfoImg_png",
				"name":"roleInfoImg_png"
			},
			{
				"isFolder":false,
				"key":"shopBtn_png",
				"name":"shopBtn_png"
			},
			{
				"isFolder":false,
				"key":"shuImg_png",
				"name":"shuImg_png"
			},
			{
				"isFolder":false,
				"key":"warBtn_png",
				"name":"warBtn_png"
			},
			{
				"isFolder":false,
				"key":"zhaoXianBtn_png",
				"name":"zhaoXianBtn_png"
			},
			{
				"isFolder":false,
				"key":"loadingCircle_png",
				"name":"loadingCircle_png"
			},
			{
				"isFolder":false,
				"key":"tipsBg_png",
				"name":"tipsBg_png"
			},
			{
				"isFolder":false,
				"key":"yellowBtn_png",
				"name":"yellowBtn_png"
			}]
		}
	},
	"theme":"resource/default.thm.json"
}