{
	"groups":[
	{
		"keys":"PreLoadingBar_png,PreLoadingBarBg_png,PreLoadingBg_png",
		"name":"loading"
	},
	{
		"keys":"yellowBtn_png,tipsBg_png,loadingCircle_png,template_proto,template,homeBg1_jpg,homeBg2_jpg,homeBg3_jpg,homeBg4_jpg,homeBg5_jpg,activityBtn_png,backpackBtn_png,bgBarBg_png,chuangDangBtn_png,closeBtn_png,friendBtn_png,headBg_png,hengImg_png,infoBtn_png,jinjieBtn_png,kaiFuBtn_png,lianqiBtn_png,lunjianBtn_png,mainBtn_png,mapBtn_png,missionBtn_png,pgBar1_png,pgBar2_png,qianghuaBtn_png,roleBtn_png,roleInfoImg_png,shopBtn_png,shuImg_png,warBtn_png,zhaoXianBtn_png",
		"name":"preload"
	}],
	"resources":[
	{
		"name":"template",
		"type":"json",
		"url":"data/template.json"
	},
	{
		"name":"template_proto",
		"type":"text",
		"url":"net/template.proto"
	},
	{
		"name":"yellowBtn_png",
		"type":"image",
		"url":"images/yellowBtn.png"
	},
	{
		"name":"tipsBg_png",
		"type":"image",
		"url":"images/mask/tipsBg.png"
	},
	{
		"name":"loadingCircle_png",
		"type":"image",
		"url":"images/mask/loadingCircle.png"
	},
	{
		"name":"PreLoadingBar_png",
		"type":"image",
		"url":"images/loading/PreLoadingBar.png"
	},
	{
		"name":"PreLoadingBarBg_png",
		"type":"image",
		"url":"images/loading/PreLoadingBarBg.png"
	},
	{
		"name":"PreLoadingBg_png",
		"type":"image",
		"url":"images/loading/PreLoadingBg.png"
	},
	{
		"name":"homeBg1_jpg",
		"type":"image",
		"url":"images/scene/homeBg1.jpg"
	},
	{
		"name":"homeBg2_jpg",
		"type":"image",
		"url":"images/scene/homeBg2.jpg"
	},
	{
		"name":"homeBg3_jpg",
		"type":"image",
		"url":"images/scene/homeBg3.jpg"
	},
	{
		"name":"homeBg4_jpg",
		"type":"image",
		"url":"images/scene/homeBg4.jpg"
	},
	{
		"name":"homeBg5_jpg",
		"type":"image",
		"url":"images/scene/homeBg5.jpg"
	},
	{
		"name":"activityBtn_png",
		"type":"image",
		"url":"images/main/activityBtn.png"
	},
	{
		"name":"backpackBtn_png",
		"type":"image",
		"url":"images/main/backpackBtn.png"
	},
	{
		"name":"bgBarBg_png",
		"type":"image",
		"url":"images/main/bgBarBg.png"
	},
	{
		"name":"chuangDangBtn_png",
		"type":"image",
		"url":"images/main/chuangDangBtn.png"
	},
	{
		"name":"closeBtn_png",
		"type":"image",
		"url":"images/main/closeBtn.png"
	},
	{
		"name":"friendBtn_png",
		"type":"image",
		"url":"images/main/friendBtn.png"
	},
	{
		"name":"headBg_png",
		"type":"image",
		"url":"images/main/headBg.png"
	},
	{
		"name":"hengImg_png",
		"type":"image",
		"url":"images/main/hengImg.png"
	},
	{
		"name":"infoBtn_png",
		"type":"image",
		"url":"images/main/infoBtn.png"
	},
	{
		"name":"jinjieBtn_png",
		"type":"image",
		"url":"images/main/jinjieBtn.png"
	},
	{
		"name":"kaiFuBtn_png",
		"type":"image",
		"url":"images/main/kaiFuBtn.png"
	},
	{
		"name":"lianqiBtn_png",
		"type":"image",
		"url":"images/main/lianqiBtn.png"
	},
	{
		"name":"lunjianBtn_png",
		"type":"image",
		"url":"images/main/lunjianBtn.png"
	},
	{
		"name":"mainBtn_png",
		"type":"image",
		"url":"images/main/mainBtn.png"
	},
	{
		"name":"mapBtn_png",
		"type":"image",
		"url":"images/main/mapBtn.png"
	},
	{
		"name":"missionBtn_png",
		"type":"image",
		"url":"images/main/missionBtn.png"
	},
	{
		"name":"pgBar1_png",
		"type":"image",
		"url":"images/main/pgBar1.png"
	},
	{
		"name":"pgBar2_png",
		"type":"image",
		"url":"images/main/pgBar2.png"
	},
	{
		"name":"qianghuaBtn_png",
		"type":"image",
		"url":"images/main/qianghuaBtn.png"
	},
	{
		"name":"roleBtn_png",
		"type":"image",
		"url":"images/main/roleBtn.png"
	},
	{
		"name":"roleInfoImg_png",
		"type":"image",
		"url":"images/main/roleInfoImg.png"
	},
	{
		"name":"shopBtn_png",
		"type":"image",
		"url":"images/main/shopBtn.png"
	},
	{
		"name":"shuImg_png",
		"type":"image",
		"url":"images/main/shuImg.png"
	},
	{
		"name":"warBtn_png",
		"type":"image",
		"url":"images/main/warBtn.png"
	},
	{
		"name":"zhaoXianBtn_png",
		"type":"image",
		"url":"images/main/zhaoXianBtn.png"
	}]
}