{
	"1008": {
		"name": "陆小凤",
		"sex": "男nan",
		"主键名": 1008,
		"age": 25
	},
	"1009": {
		"name": "叫我新哥大人",
		"sex": "男nan",
		"主键名": 1009,
		"age": 26
	},
	"1001": {
		"name": "叫我新哥大人",
		"数组键名1": [
			"1",
			"2",
			"3",
			"3",
			"5",
			"6"
		],
		"sex": "男nan",
		"主键名": 1001,
		"age": 18
	},
	"1002": {
		"name": "陆小凤",
		"数组键名1": [
			"1",
			"2",
			"3",
			"3",
			"5",
			"6"
		],
		"sex": "男nan",
		"主键名": 1002,
		"age": 19
	},
	"1003": {
		"name": "叫我新哥大人",
		"数组键名1": [
			"1",
			"2",
			"3",
			"3",
			"5",
			"6"
		],
		"sex": "男nan",
		"主键名": 1003,
		"age": 20
	},
	"1004": {
		"name": "陆小凤",
		"数组键名1": [
			"1",
			"2",
			"3",
			"3",
			"5",
			"6"
		],
		"sex": "男nan",
		"主键名": 1004,
		"age": 21
	},
	"1005": {
		"name": "叫我新哥大人",
		"数组键名1": [
			"1",
			"2",
			"3",
			"3",
			"5",
			"6"
		],
		"sex": "男nan",
		"主键名": 1005,
		"age": 22
	},
	"1006": {
		"name": "陆小凤",
		"sex": "男nan",
		"主键名": 1006,
		"age": 23
	},
	"1007": {
		"name": "叫我新哥大人",
		"sex": "男nan",
		"主键名": 1007,
		"age": 24
	}
}